filename,family_group,sha256,english_coverage,french_coverage,cyrillic_coverage,supports_english,supports_french,supports_cyrillic,missing_french,missing_cyrillic,error
Alice-Regular.ttf,existing,8212c40f10b306af9b82272ae68314de6964522b6dabf6abdaff647e74ac8b58,1.0000,0.9894,1.0000,True,False,True,Ÿ,,
arial.ttf,existing,b3658eadae55e682b5f69eb64c439c1ecc8f196c0bb8d4756d145d13bc86476a,1.0000,1.0000,1.0000,True,True,True,,,
arialbi.ttf,existing,267a411525980d648f10a7222a6ff1ebe4d4feeefbf9b3100cae2b5cfab5594a,1.0000,1.0000,1.0000,True,True,True,,,
ariali.ttf,existing,86b32db9a06f9694e2a3760c42e5117bcdc5cc1255bb5186ca8ce0305e22f288,1.0000,1.0000,1.0000,True,True,True,,,
BadScript-Regular.ttf,existing,40ec737eee65ec4efbc24ae636fa31d7d84d1ccca83ab54cd555edb72cb3eaf0,1.0000,1.0000,1.0000,True,True,True,,,
Forum-Regular.ttf,existing,5c9fbe9c4ce76d0269f5088d921d57e58082fd9c28433eacb6de95baf938adf8,1.0000,1.0000,1.0000,True,True,True,,,
KellySlab-Regular.ttf,existing,cbf98bddb534c52d2f1150aed233c53e5e3a7966b7be1ab860550c23f9930c27,1.0000,1.0000,1.0000,True,True,True,,,
Kurale-Regular.ttf,existing,6055aaca6870ca64210dd81fa47f8bb71595a9c8fbe570351ed45a15f1a0820d,1.0000,1.0000,1.0000,True,True,True,,,
Lobster-Regular.ttf,existing,d6568e697fd50cedc0be04d8aae4127fe95add607e7bff954ca88604be80c205,1.0000,1.0000,1.0000,True,True,True,,,
MarckScript-Regular.ttf,existing,504de8cc6f919163bc9afb67b9bc208d258230c5e8d00cb82ec52474f9fafc3b,1.0000,1.0000,1.0000,True,True,True,,,
Neucha.ttf,existing,7927bd6ce090fa032857dcbc3ad0e8b765c462d0a72a8779068132496b4e087d,1.0000,1.0000,1.0000,True,True,True,,,
Philosopher-Italic.ttf,existing,1ec5f0cc140a5daefca74692c1693c224aaac6936b8eda16598d56eba94cf008,1.0000,1.0000,1.0000,True,True,True,,,
Philosopher-Regular.ttf,existing,e1cba0b5003b5694f1d6cc0fbe629f78362ad38a9ffd4d0cb7abfd9698a575ed,1.0000,1.0000,1.0000,True,True,True,,,
Prata-Regular.ttf,existing,3b2b880737be3bda5f03554297b758516876157c88f9e3b3bae8fa1fc96a2c2c,1.0000,0.9894,1.0000,True,False,True,Ÿ,,
RussoOne-Regular.ttf,existing,bc0abcc660bd8b7ad3000ecb2898a27c58a29a50f7ec81652fa12e75148d09df,1.0000,1.0000,1.0000,True,True,True,,,
times.ttf,existing,931c5de5c70401d9324d5014c123802b4fb753000360ceb2f56c589403cd58c5,1.0000,1.0000,1.0000,True,True,True,,,
timesbi.ttf,existing,3a29d114cb5229e8dbda5bef6c69be4a210a13b7277de4d66e9fc86963226f6c,1.0000,1.0000,1.0000,True,True,True,,,
timesi.ttf,existing,e7f7a88b65188328aea58670f955022e23c712f55679524729da1e4e03c49d88,1.0000,1.0000,1.0000,True,True,True,,,
YesevaOne-Regular.ttf,existing,88362b33820f0011e163e67b1d570fecd442aa8c05eaac89d5162f9c40d9dac3,1.0000,1.0000,1.0000,True,True,True,,,
